instance,cuts,disjunctive terms,cut generation iteration,root gap closed
flugpl,default,8,1,2.035572492843588e-14
flugpl,default,8,2,0.11738529807351955
flugpl,default,8,3,0.41393437530575405
flugpl,default,8,4,0.47226946090976424
flugpl,default,8,5,0.4994661749790359
flugpl,default,8,6,0.5244185968980069
flugpl,default,8,7,0.5261447231312777
flugpl,default,8,8,0.5379007306739088
flugpl,default,8,9,0.5396123456588592
flugpl,default,8,10,0.5413119118261497
flugpl,default,8,11,0.542609732395657
flugpl,default,8,12,0.5430187883551795
flugpl,default,8,13,0.5433398793574983
flugpl,default,8,14,0.5435916058413647
flugpl,default,8,15,0.5437159587247414
flugpl,default,8,16,0.5437308987262862
flugpl,default,8,17,0.5438182681527034
flugpl,default,8,18,0.543825888662661
flugpl,default,8,19,0.5438382922376153
flugpl,default,8,20,0.5440657032330868
flugpl,default,8,21,0.5443465710620206
flugpl,default,8,22,0.5447049106936788
flugpl,default,8,23,0.5447351024171612
flugpl,default,8,24,0.5447825217328457
flugpl,default,8,25,0.5448043681155715
flugpl,default,8,26,0.5448730993010482
flugpl,default,8,27,0.5451085289922697
flugpl,default,8,28,0.5451240642067735
flugpl,default,8,29,0.5451388074352861
flugpl,default,8,30,0.5451817081362141
flugpl,default,8,31,0.5452072833953573
flugpl,default,8,32,0.5452607376174785
flugpl,default,8,33,0.5452967883297692
flugpl,default,8,34,0.5453278860394855
flugpl,default,8,35,0.5453839641772117
flugpl,default,8,36,0.5454080827063262
flugpl,default,8,37,0.5454369376923818
flugpl,default,8,38,0.5454507894090806
flugpl,default,8,39,0.545457925972548
flugpl,default,8,40,0.5454757002705729
flugpl,default,8,41,0.5455010195990049
flugpl,default,8,42,0.5455144292166485
flugpl,default,8,43,0.54560797510892
flugpl,default,8,44,0.5457928109558428
flugpl,default,8,45,0.5460056936185629
flugpl,default,8,46,0.546162009004362
flugpl,default,8,47,0.5462865599510253
flugpl,default,8,48,0.5463434479500139
flugpl,default,8,49,0.5463683290063756
flugpl,default,8,50,0.5464678508527672
flugpl,default,8,51,0.5464940549861205
flugpl,default,8,52,0.5465136800876619
flugpl,default,8,53,0.5466142912763319
flugpl,default,8,54,0.5469891215337984
flugpl,default,8,55,0.5470727787483178
flugpl,default,8,56,0.5471224122723323
flugpl,default,8,57,0.5471665672372082
flugpl,default,8,58,0.5471840628511505
flugpl,default,8,59,0.5471888079843732
flugpl,default,8,60,0.5471980179381492
flugpl,default,8,61,0.5474092898034139
flugpl,default,8,62,0.5474538266394164
flugpl,default,8,63,0.5474744199956256
flugpl,default,8,64,0.5474807140883935
flugpl,default,8,65,0.5474873105592263
flugpl,default,8,66,0.5475467819294838
flugpl,default,8,67,0.5476602807754456
flugpl,default,8,68,0.5477785461289486
flugpl,default,8,69,0.5478353040688054
flugpl,default,8,70,0.5478432550913847
flugpl,default,8,71,0.5478455640965155
flugpl,default,8,72,0.5478459478982537
flugpl,default,8,73,0.5478473187425595
flugpl,default,8,74,0.5478478470319338
flugpl,default,8,75,0.5478521108192526
flugpl,default,8,76,0.5478663161028293
flugpl,default,8,77,0.5478679765080822
flugpl,default,8,78,0.5478709703704369
flugpl,default,8,79,0.5478992631396614
flugpl,default,8,80,0.5479040531016525
flugpl,default,8,81,0.5479106628297211
flugpl,default,8,82,0.5479429553883355
flugpl,default,8,83,0.5479652910582151
flugpl,default,8,84,0.5480267869639218
flugpl,default,8,85,0.5480304046063038
flugpl,default,8,86,0.5480436392703254
flugpl,default,8,87,0.5480598930004003
flugpl,default,8,88,0.5480648287437763
flugpl,default,8,89,0.5480654582538858
flugpl,default,8,90,0.5480717735092592
flugpl,default,8,91,0.5480748110617645
flugpl,default,8,92,0.5480920691246547
flugpl,default,8,93,0.5480961350760264
flugpl,default,8,94,0.5481067522871753
flugpl,default,8,95,0.5481081513423989
flugpl,default,8,96,0.5481085063461263
flugpl,default,8,97,0.5481092307695598
flugpl,default,8,98,0.5481094669593566
flugpl,default,8,99,0.5481095174494254
flugpl,default,8,100,0.5481123005216667
flugpl,disjunctive only,8,1,2.035572492843588e-14
flugpl,disjunctive only,8,2,0.020091958320927868
flugpl,disjunctive only,8,3,0.08673684935532201
flugpl,disjunctive only,8,4,0.1006446017713427
flugpl,disjunctive only,8,5,0.10220115545637698
flugpl,disjunctive only,8,6,0.11052462559225976
flugpl,disjunctive only,8,7,0.1162383367601237
flugpl,disjunctive only,8,8,0.1212743141077845
flugpl,disjunctive only,8,9,0.12380226329784819
flugpl,disjunctive only,8,10,0.12681220092113166
flugpl,disjunctive only,8,11,0.12814132487147867
flugpl,disjunctive only,8,12,0.12949512024345813
flugpl,disjunctive only,8,13,0.13010714668059445
flugpl,disjunctive only,8,14,0.1306873331414854
flugpl,disjunctive only,8,15,0.13084461093481084
flugpl,disjunctive only,8,16,0.1308962020179412
flugpl,disjunctive only,8,17,0.13092469637942264
flugpl,disjunctive only,8,18,0.13093510072163655
flugpl,disjunctive only,8,19,0.13095219293362526
flugpl,disjunctive only,8,20,0.13095511437151167
flugpl,disjunctive only,8,21,0.13095511437151167
flugpl,disjunctive only,8,22,0.13095511437151167
flugpl,disjunctive only,8,23,0.13095511437151167
flugpl,disjunctive only,8,24,0.13095511437151167
flugpl,disjunctive only,8,25,0.13095511437151167
flugpl,disjunctive only,8,26,0.13095511437151167
flugpl,disjunctive only,8,27,0.13095511437151167
flugpl,disjunctive only,8,28,0.13095511437151167
flugpl,disjunctive only,8,29,0.13095511437151167
flugpl,disjunctive only,8,30,0.13095511437151167
flugpl,disjunctive only,8,31,0.13095511437151167
flugpl,disjunctive only,8,32,0.13095511437151167
flugpl,disjunctive only,8,33,0.13095511437151167
flugpl,disjunctive only,8,34,0.13095511437151167
flugpl,disjunctive only,8,35,0.13095511437151167
flugpl,disjunctive only,8,36,0.13095511437151167
flugpl,disjunctive only,8,37,0.13095511437151167
flugpl,disjunctive only,8,38,0.13095511437151167
flugpl,disjunctive only,8,39,0.13095511437151167
flugpl,disjunctive only,8,40,0.13095511437151167
flugpl,disjunctive only,8,41,0.13095511437151167
flugpl,disjunctive only,8,42,0.13095511437151167
flugpl,disjunctive only,8,43,0.13095511437151167
flugpl,disjunctive only,8,44,0.13095511437151167
flugpl,disjunctive only,8,45,0.13095511437151167
flugpl,disjunctive only,8,46,0.13095511437151167
flugpl,disjunctive only,8,47,0.13095511437151167
flugpl,disjunctive only,8,48,0.13095511437151167
flugpl,disjunctive only,8,49,0.13095511437151167
flugpl,disjunctive only,8,50,0.13095511437151167
flugpl,disjunctive only,8,51,0.13095511437151167
flugpl,disjunctive only,8,52,0.13095511437151167
flugpl,disjunctive only,8,53,0.13095511437151167
flugpl,disjunctive only,8,54,0.13095511437151167
flugpl,disjunctive only,8,55,0.13095511437151167
flugpl,disjunctive only,8,56,0.13095511437151167
flugpl,disjunctive only,8,57,0.13095511437151167
flugpl,disjunctive only,8,58,0.13095511437151167
flugpl,disjunctive only,8,59,0.13095511437151167
flugpl,disjunctive only,8,60,0.13095511437151167
flugpl,disjunctive only,8,61,0.13095511437151167
flugpl,disjunctive only,8,62,0.13095511437151167
flugpl,disjunctive only,8,63,0.13095511437151167
flugpl,disjunctive only,8,64,0.13095511437151167
flugpl,disjunctive only,8,65,0.13095511437151167
flugpl,disjunctive only,8,66,0.13095511437151167
flugpl,disjunctive only,8,67,0.13095511437151167
flugpl,disjunctive only,8,68,0.13095511437151167
flugpl,disjunctive only,8,69,0.13095511437151167
flugpl,disjunctive only,8,70,0.13095511437151167
flugpl,disjunctive only,8,71,0.13095511437151167
flugpl,disjunctive only,8,72,0.13095511437151167
flugpl,disjunctive only,8,73,0.13095511437151167
flugpl,disjunctive only,8,74,0.13095511437151167
flugpl,disjunctive only,8,75,0.13095511437151167
flugpl,disjunctive only,8,76,0.13095511437151167
flugpl,disjunctive only,8,77,0.13095511437151167
flugpl,disjunctive only,8,78,0.13095511437151167
flugpl,disjunctive only,8,79,0.13095511437151167
flugpl,disjunctive only,8,80,0.13095511437151167
flugpl,disjunctive only,8,81,0.13095511437151167
flugpl,disjunctive only,8,82,0.13095511437151167
flugpl,disjunctive only,8,83,0.13095511437151167
flugpl,disjunctive only,8,84,0.13095511437151167
flugpl,disjunctive only,8,85,0.13095511437151167
flugpl,disjunctive only,8,86,0.13095511437151167
flugpl,disjunctive only,8,87,0.13095511437151167
flugpl,disjunctive only,8,88,0.13095511437151167
flugpl,disjunctive only,8,89,0.13095511437151167
flugpl,disjunctive only,8,90,0.13095511437151167
flugpl,disjunctive only,8,91,0.13095511437151167
flugpl,disjunctive only,8,92,0.13095511437151167
flugpl,disjunctive only,8,93,0.13095511437151167
flugpl,disjunctive only,8,94,0.13095511437151167
flugpl,disjunctive only,8,95,0.13095511437151167
flugpl,disjunctive only,8,96,0.13095511437151167
flugpl,disjunctive only,8,97,0.13095511437151167
flugpl,disjunctive only,8,98,0.13095511437151167
flugpl,disjunctive only,8,99,0.13095511437151167
flugpl,disjunctive only,8,100,0.13095511437151167
flugpl,default and disjunctive,8,1,2.035572492843588e-14
flugpl,default and disjunctive,8,2,0.11738529807351955
flugpl,default and disjunctive,8,3,0.4199722429928792
flugpl,default and disjunctive,8,4,0.47392180753850033
flugpl,default and disjunctive,8,5,0.4994661749790359
flugpl,default and disjunctive,8,6,0.5244186022024713
flugpl,default and disjunctive,8,7,0.5261447434164157
flugpl,default and disjunctive,8,8,0.5379237397868653
flugpl,default and disjunctive,8,9,0.5396225649746309
flugpl,default and disjunctive,8,10,0.5417348785897548
flugpl,default and disjunctive,8,11,0.5446709364662959
flugpl,default and disjunctive,8,12,0.547692333942355
flugpl,default and disjunctive,8,13,0.5485490913292379
flugpl,default and disjunctive,8,14,0.5494079273580571
flugpl,default and disjunctive,8,15,0.5497690435703939
flugpl,default and disjunctive,8,16,0.5498783338969605
flugpl,default and disjunctive,8,17,0.5501433495823274
flugpl,default and disjunctive,8,18,0.550339866588768
flugpl,default and disjunctive,8,19,0.5508381225143512
flugpl,default and disjunctive,8,20,0.5509095238126149
flugpl,default and disjunctive,8,21,0.5515486447702781
flugpl,default and disjunctive,8,22,0.5522221273728904
flugpl,default and disjunctive,8,23,0.5523738902265388
flugpl,default and disjunctive,8,24,0.5530394151384571
flugpl,default and disjunctive,8,25,0.5542855467265737
flugpl,default and disjunctive,8,26,0.5557115931631983
flugpl,default and disjunctive,8,27,0.5573532962108598
flugpl,default and disjunctive,8,28,0.5574490442286558
flugpl,default and disjunctive,8,29,0.5575512064226823
flugpl,default and disjunctive,8,30,0.5575631799165267
flugpl,default and disjunctive,8,31,0.5576037905359557
flugpl,default and disjunctive,8,32,0.5576425478252884
flugpl,default and disjunctive,8,33,0.5576591182818124
flugpl,default and disjunctive,8,34,0.5577269228836875
flugpl,default and disjunctive,8,35,0.5577369508504609
flugpl,default and disjunctive,8,36,0.5577798634822458
flugpl,default and disjunctive,8,37,0.5580390154162637
flugpl,default and disjunctive,8,38,0.5594695045416659
flugpl,default and disjunctive,8,39,0.5657046322692464
flugpl,default and disjunctive,8,40,0.5666267649514621
flugpl,default and disjunctive,8,41,0.5666918978627035
flugpl,default and disjunctive,8,42,0.5668351911621933
flugpl,default and disjunctive,8,43,0.5672878378228773
flugpl,default and disjunctive,8,44,0.5675629515479993
flugpl,default and disjunctive,8,45,0.5679793751845297
flugpl,default and disjunctive,8,46,0.5687406783056651
flugpl,default and disjunctive,8,47,0.5687488946973555
flugpl,default and disjunctive,8,48,0.5687538436298434
flugpl,default and disjunctive,8,49,0.5687732970549327
flugpl,default and disjunctive,8,50,0.56884890307517
flugpl,default and disjunctive,8,51,0.5689130868455861
flugpl,default and disjunctive,8,52,0.5689468660485476
flugpl,default and disjunctive,8,53,0.5689968917061834
flugpl,default and disjunctive,8,54,0.5689970595690719
flugpl,default and disjunctive,8,55,0.5690581749526327
flugpl,default and disjunctive,8,56,0.5690608699076618
flugpl,default and disjunctive,8,57,0.5690882349356615
flugpl,default and disjunctive,8,58,0.5691096946586647
flugpl,default and disjunctive,8,59,0.5691293872163916
flugpl,default and disjunctive,8,60,0.5691372072920918
flugpl,default and disjunctive,8,61,0.5691714392585747
flugpl,default and disjunctive,8,62,0.569285011980395
flugpl,default and disjunctive,8,63,0.5692939337137366
flugpl,default and disjunctive,8,64,0.5693108185689172
flugpl,default and disjunctive,8,65,0.5693312760459807
flugpl,default and disjunctive,8,66,0.5693404428295659
flugpl,default and disjunctive,8,67,0.5693508770607285
flugpl,default and disjunctive,8,68,0.5693525122611631
flugpl,default and disjunctive,8,69,0.5705389509808613
flugpl,default and disjunctive,8,70,0.5707202426180351
flugpl,default and disjunctive,8,71,0.5738522599695515
flugpl,default and disjunctive,8,72,0.5767165664096288
flugpl,default and disjunctive,8,73,0.5787259094480017
flugpl,default and disjunctive,8,74,0.5814301372291115
flugpl,default and disjunctive,8,75,0.5816063650416484
flugpl,default and disjunctive,8,76,0.5819859752508458
flugpl,default and disjunctive,8,77,0.5821844546308571
flugpl,default and disjunctive,8,78,0.5822074631524798
flugpl,default and disjunctive,8,79,0.5822207548760817
flugpl,default and disjunctive,8,80,0.582230287693076
flugpl,default and disjunctive,8,81,0.5823791751072396
flugpl,default and disjunctive,8,82,0.5824172598259284
flugpl,default and disjunctive,8,83,0.5824837030252158
flugpl,default and disjunctive,8,84,0.5825756162928118
flugpl,default and disjunctive,8,85,0.5826296539308267
flugpl,default and disjunctive,8,86,0.5827142156469352
flugpl,default and disjunctive,8,87,0.5828105786263055
flugpl,default and disjunctive,8,88,0.582836035019102
flugpl,default and disjunctive,8,89,0.5828759393836812
flugpl,default and disjunctive,8,90,0.5829395801424654
flugpl,default and disjunctive,8,91,0.5830142025162978
flugpl,default and disjunctive,8,92,0.5831016237332635
flugpl,default and disjunctive,8,93,0.5831052623737495
flugpl,default and disjunctive,8,94,0.5831466203762887
flugpl,default and disjunctive,8,95,0.583156078342616
flugpl,default and disjunctive,8,96,0.5831661170495788
flugpl,default and disjunctive,8,97,0.5877034470358089
flugpl,default and disjunctive,8,98,0.5896564730227981
flugpl,default and disjunctive,8,99,0.5995560177691075
flugpl,default and disjunctive,8,100,0.6004324685965859
flugpl,default,16,1,2.035572492843588e-14
flugpl,default,16,2,0.11738529807351955
flugpl,default,16,3,0.41393437530575405
flugpl,default,16,4,0.47226946090976424
flugpl,default,16,5,0.4994661749790359
flugpl,default,16,6,0.5244185968980069
flugpl,default,16,7,0.5261447231312777
flugpl,default,16,8,0.5379007306739088
flugpl,default,16,9,0.5396123456588592
flugpl,default,16,10,0.5413119118261497
flugpl,default,16,11,0.542609732395657
flugpl,default,16,12,0.5430187883551795
flugpl,default,16,13,0.5433398793574983
flugpl,default,16,14,0.5435916058413647
flugpl,default,16,15,0.5437159587247414
flugpl,default,16,16,0.5437308987262862
flugpl,default,16,17,0.5438182681527034
flugpl,default,16,18,0.543825888662661
flugpl,default,16,19,0.5438382922376153
flugpl,default,16,20,0.5440657032330868
flugpl,default,16,21,0.5443465710620206
flugpl,default,16,22,0.5447049106936788
flugpl,default,16,23,0.5447351024171612
flugpl,default,16,24,0.5447825217328457
flugpl,default,16,25,0.5448043681155715
flugpl,default,16,26,0.5448730993010482
flugpl,default,16,27,0.5451085289922697
flugpl,default,16,28,0.5451240642067735
flugpl,default,16,29,0.5451388074352861
flugpl,default,16,30,0.5451817081362141
flugpl,default,16,31,0.5452072833953573
flugpl,default,16,32,0.5452607376174785
flugpl,default,16,33,0.5452967883297692
flugpl,default,16,34,0.5453278860394855
flugpl,default,16,35,0.5453839641772117
flugpl,default,16,36,0.5454080827063262
flugpl,default,16,37,0.5454369376923818
flugpl,default,16,38,0.5454507894090806
flugpl,default,16,39,0.545457925972548
flugpl,default,16,40,0.5454757002705729
flugpl,default,16,41,0.5455010195990049
flugpl,default,16,42,0.5455144292166485
flugpl,default,16,43,0.54560797510892
flugpl,default,16,44,0.5457928109558428
flugpl,default,16,45,0.5460056936185629
flugpl,default,16,46,0.546162009004362
flugpl,default,16,47,0.5462865599510253
flugpl,default,16,48,0.5463434479500139
flugpl,default,16,49,0.5463683290063756
flugpl,default,16,50,0.5464678508527672
flugpl,default,16,51,0.5464940549861205
flugpl,default,16,52,0.5465136800876619
flugpl,default,16,53,0.5466142912763319
flugpl,default,16,54,0.5469891215337984
flugpl,default,16,55,0.5470727787483178
flugpl,default,16,56,0.5471224122723323
flugpl,default,16,57,0.5471665672372082
flugpl,default,16,58,0.5471840628511505
flugpl,default,16,59,0.5471888079843732
flugpl,default,16,60,0.5471980179381492
flugpl,default,16,61,0.5474092898034139
flugpl,default,16,62,0.5474538266394164
flugpl,default,16,63,0.5474744199956256
flugpl,default,16,64,0.5474807140883935
flugpl,default,16,65,0.5474873105592263
flugpl,default,16,66,0.5475467819294838
flugpl,default,16,67,0.5476602807754456
flugpl,default,16,68,0.5477785461289486
flugpl,default,16,69,0.5478353040688054
flugpl,default,16,70,0.5478432550913847
flugpl,default,16,71,0.5478455640965155
flugpl,default,16,72,0.5478459478982537
flugpl,default,16,73,0.5478473187425595
flugpl,default,16,74,0.5478478470319338
flugpl,default,16,75,0.5478521108192526
flugpl,default,16,76,0.5478663161028293
flugpl,default,16,77,0.5478679765080822
flugpl,default,16,78,0.5478709703704369
flugpl,default,16,79,0.5478992631396614
flugpl,default,16,80,0.5479040531016525
flugpl,default,16,81,0.5479106628297211
flugpl,default,16,82,0.5479429553883355
flugpl,default,16,83,0.5479652910582151
flugpl,default,16,84,0.5480267869639218
flugpl,default,16,85,0.5480304046063038
flugpl,default,16,86,0.5480436392703254
flugpl,default,16,87,0.5480598930004003
flugpl,default,16,88,0.5480648287437763
flugpl,default,16,89,0.5480654582538858
flugpl,default,16,90,0.5480717735092592
flugpl,default,16,91,0.5480748110617645
flugpl,default,16,92,0.5480920691246547
flugpl,default,16,93,0.5480961350760264
flugpl,default,16,94,0.5481067522871753
flugpl,default,16,95,0.5481081513423989
flugpl,default,16,96,0.5481085063461263
flugpl,default,16,97,0.5481092307695598
flugpl,default,16,98,0.5481094669593566
flugpl,default,16,99,0.5481095174494254
flugpl,default,16,100,0.5481123005216667
flugpl,disjunctive only,16,1,2.035572492843588e-14
flugpl,disjunctive only,16,2,0.049369038243384025
flugpl,disjunctive only,16,3,0.08389268553189565
flugpl,disjunctive only,16,4,0.08961526203580111
flugpl,disjunctive only,16,5,0.11821129463670572
flugpl,disjunctive only,16,6,0.12321752595580521
flugpl,disjunctive only,16,7,0.14621977567848332
flugpl,disjunctive only,16,8,0.1492153941900009
flugpl,disjunctive only,16,9,0.15819999329395165
flugpl,disjunctive only,16,10,0.15954407256055456
flugpl,disjunctive only,16,11,0.1627329322997968
flugpl,disjunctive only,16,12,0.16279921762107233
flugpl,disjunctive only,16,13,0.16289594499537874
flugpl,disjunctive only,16,14,0.16294423971457767
flugpl,disjunctive only,16,15,0.16606013842498277
flugpl,disjunctive only,16,16,0.1663868851003609
flugpl,disjunctive only,16,17,0.1664995572578848
flugpl,disjunctive only,16,18,0.1665363299391971
flugpl,disjunctive only,16,19,0.16661203590589446
flugpl,disjunctive only,16,20,0.16675864887663436
flugpl,disjunctive only,16,21,0.16676024059267405
flugpl,disjunctive only,16,22,0.16676546218414
flugpl,disjunctive only,16,23,0.1667719764859137
flugpl,disjunctive only,16,24,0.16677288138453428
flugpl,disjunctive only,16,25,0.16677317875205114
flugpl,disjunctive only,16,26,0.16677317875205114
flugpl,disjunctive only,16,27,0.16677317875205114
flugpl,disjunctive only,16,28,0.16677317875205114
flugpl,disjunctive only,16,29,0.16677317875205114
flugpl,disjunctive only,16,30,0.16677317875205114
flugpl,disjunctive only,16,31,0.16677317875205114
flugpl,disjunctive only,16,32,0.16677317875205114
flugpl,disjunctive only,16,33,0.16677317875205114
flugpl,disjunctive only,16,34,0.16677317875205114
flugpl,disjunctive only,16,35,0.16677317875205114
flugpl,disjunctive only,16,36,0.16677317875205114
flugpl,disjunctive only,16,37,0.16677317875205114
flugpl,disjunctive only,16,38,0.16677317875205114
flugpl,disjunctive only,16,39,0.16677317875205114
flugpl,disjunctive only,16,40,0.16677317875205114
flugpl,disjunctive only,16,41,0.16677317875205114
flugpl,disjunctive only,16,42,0.16677317875205114
flugpl,disjunctive only,16,43,0.16677317875205114
flugpl,disjunctive only,16,44,0.16677317875205114
flugpl,disjunctive only,16,45,0.16677317875205114
flugpl,disjunctive only,16,46,0.16677317875205114
flugpl,disjunctive only,16,47,0.16677317875205114
flugpl,disjunctive only,16,48,0.16677317875205114
flugpl,disjunctive only,16,49,0.16677317875205114
flugpl,disjunctive only,16,50,0.16677317875205114
flugpl,disjunctive only,16,51,0.16677317875205114
flugpl,disjunctive only,16,52,0.16677317875205114
flugpl,disjunctive only,16,53,0.16677317875205114
flugpl,disjunctive only,16,54,0.16677317875205114
flugpl,disjunctive only,16,55,0.16677317875205114
flugpl,disjunctive only,16,56,0.16677317875205114
flugpl,disjunctive only,16,57,0.16677317875205114
flugpl,disjunctive only,16,58,0.16677317875205114
flugpl,disjunctive only,16,59,0.16677317875205114
flugpl,disjunctive only,16,60,0.16677317875205114
flugpl,disjunctive only,16,61,0.16677317875205114
flugpl,disjunctive only,16,62,0.16677317875205114
flugpl,disjunctive only,16,63,0.16677317875205114
flugpl,disjunctive only,16,64,0.16677317875205114
flugpl,disjunctive only,16,65,0.16677317875205114
flugpl,disjunctive only,16,66,0.16677317875205114
flugpl,disjunctive only,16,67,0.16677317875205114
flugpl,disjunctive only,16,68,0.16677317875205114
flugpl,disjunctive only,16,69,0.16677317875205114
flugpl,disjunctive only,16,70,0.16677317875205114
flugpl,disjunctive only,16,71,0.16677317875205114
flugpl,disjunctive only,16,72,0.16677317875205114
flugpl,disjunctive only,16,73,0.16677317875205114
flugpl,disjunctive only,16,74,0.16677317875205114
flugpl,disjunctive only,16,75,0.16677317875205114
flugpl,disjunctive only,16,76,0.16677317875205114
flugpl,disjunctive only,16,77,0.16677317875205114
flugpl,disjunctive only,16,78,0.16677317875205114
flugpl,disjunctive only,16,79,0.16677317875205114
flugpl,disjunctive only,16,80,0.16677317875205114
flugpl,disjunctive only,16,81,0.16677317875205114
flugpl,disjunctive only,16,82,0.16677317875205114
flugpl,disjunctive only,16,83,0.16677317875205114
flugpl,disjunctive only,16,84,0.16677317875205114
flugpl,disjunctive only,16,85,0.16677317875205114
flugpl,disjunctive only,16,86,0.16677317875205114
flugpl,disjunctive only,16,87,0.16677317875205114
flugpl,disjunctive only,16,88,0.16677317875205114
flugpl,disjunctive only,16,89,0.16677317875205114
flugpl,disjunctive only,16,90,0.16677317875205114
flugpl,disjunctive only,16,91,0.16677317875205114
flugpl,disjunctive only,16,92,0.16677317875205114
flugpl,disjunctive only,16,93,0.16677317875205114
flugpl,disjunctive only,16,94,0.16677317875205114
flugpl,disjunctive only,16,95,0.16677317875205114
flugpl,disjunctive only,16,96,0.16677317875205114
flugpl,disjunctive only,16,97,0.16677317875205114
flugpl,disjunctive only,16,98,0.16677317875205114
flugpl,disjunctive only,16,99,0.16677317875205114
flugpl,disjunctive only,16,100,0.16677317875205114
flugpl,default and disjunctive,16,1,2.035572492843588e-14
flugpl,default and disjunctive,16,2,0.11738529807351955
flugpl,default and disjunctive,16,3,0.417056516106238
flugpl,default and disjunctive,16,4,0.4748811384321953
flugpl,default and disjunctive,16,5,0.49875087563704346
flugpl,default and disjunctive,16,6,0.5247709416712986
flugpl,default and disjunctive,16,7,0.5387407742853285
flugpl,default and disjunctive,16,8,0.5410545364461402
flugpl,default and disjunctive,16,9,0.5467418535201233
flugpl,default and disjunctive,16,10,0.5483946415006289
flugpl,default and disjunctive,16,11,0.5484253549912399
flugpl,default and disjunctive,16,12,0.5492427397842625
flugpl,default and disjunctive,16,13,0.55018810655033
flugpl,default and disjunctive,16,14,0.5510329077748095
flugpl,default and disjunctive,16,15,0.5511189796619983
flugpl,default and disjunctive,16,16,0.5514155652451684
flugpl,default and disjunctive,16,17,0.5515064757500066
flugpl,default and disjunctive,16,18,0.5515289962141987
flugpl,default and disjunctive,16,19,0.5515345044797967
flugpl,default and disjunctive,16,20,0.5515422167016656
flugpl,default and disjunctive,16,21,0.5515865654954846
flugpl,default and disjunctive,16,22,0.5515911450972888
flugpl,default and disjunctive,16,23,0.5515920984879483
flugpl,default and disjunctive,16,24,0.5516009282297318
flugpl,default and disjunctive,16,25,0.5516678319279534
flugpl,default and disjunctive,16,26,0.5518653232190722
flugpl,default and disjunctive,16,27,0.551993141679627
flugpl,default and disjunctive,16,28,0.5520032585764915
flugpl,default and disjunctive,16,29,0.552015073583077
flugpl,default and disjunctive,16,30,0.5520356798944159
flugpl,default and disjunctive,16,31,0.5520744624546823
flugpl,default and disjunctive,16,32,0.5521611340412046
flugpl,default and disjunctive,16,33,0.5522260556942188
flugpl,default and disjunctive,16,34,0.552274888625889
flugpl,default and disjunctive,16,35,0.5523272357870979
flugpl,default and disjunctive,16,36,0.5524016141785344
flugpl,default and disjunctive,16,37,0.5524575423127387
flugpl,default and disjunctive,16,38,0.5525165870773686
flugpl,default and disjunctive,16,39,0.5525837740089466
flugpl,default and disjunctive,16,40,0.5528653995759955
flugpl,default and disjunctive,16,41,0.5533522612911714
flugpl,default and disjunctive,16,42,0.5547804714579856
flugpl,default and disjunctive,16,43,0.5551871254058284
flugpl,default and disjunctive,16,44,0.555194581363444
flugpl,default and disjunctive,16,45,0.5552640950996601
flugpl,default and disjunctive,16,46,0.5578285293297697
flugpl,default and disjunctive,16,47,0.5583738996093627
flugpl,default and disjunctive,16,48,0.5587869829075909
flugpl,default and disjunctive,16,49,0.5589814927228407
flugpl,default and disjunctive,16,50,0.558988973942291
flugpl,default and disjunctive,16,51,0.559176376277424
flugpl,default and disjunctive,16,52,0.5597368605019565
flugpl,default and disjunctive,16,53,0.5599911724507323
flugpl,default and disjunctive,16,54,0.5620760152927695
flugpl,default and disjunctive,16,55,0.5623554934665296
flugpl,default and disjunctive,16,56,0.5624119847339797
flugpl,default and disjunctive,16,57,0.5631126128822039
flugpl,default and disjunctive,16,58,0.5631272231070952
flugpl,default and disjunctive,16,59,0.5631450310135957
flugpl,default and disjunctive,16,60,0.5631450310135957
flugpl,default and disjunctive,16,61,0.5631450310135957
flugpl,default and disjunctive,16,62,0.5631450310135957
flugpl,default and disjunctive,16,63,0.5631450310135957
flugpl,default and disjunctive,16,64,0.5631450310135957
flugpl,default and disjunctive,16,65,0.5631450310135957
flugpl,default and disjunctive,16,66,0.5631450310135957
flugpl,default and disjunctive,16,67,0.5631450310135957
flugpl,default and disjunctive,16,68,0.5631450310135957
flugpl,default and disjunctive,16,69,0.5631450310135957
flugpl,default and disjunctive,16,70,0.5631450310135957
flugpl,default and disjunctive,16,71,0.5631450310135957
flugpl,default and disjunctive,16,72,0.5631450310135957
flugpl,default and disjunctive,16,73,0.5631450310135957
flugpl,default and disjunctive,16,74,0.5631450310135957
flugpl,default and disjunctive,16,75,0.5631450310135957
flugpl,default and disjunctive,16,76,0.5631450310135957
flugpl,default and disjunctive,16,77,0.5631450310135957
flugpl,default and disjunctive,16,78,0.5631450310135957
flugpl,default and disjunctive,16,79,0.5631450310135957
flugpl,default and disjunctive,16,80,0.5631450310135957
flugpl,default and disjunctive,16,81,0.5631450310135957
flugpl,default and disjunctive,16,82,0.5631450310135957
flugpl,default and disjunctive,16,83,0.5631450310135957
flugpl,default and disjunctive,16,84,0.5631450310135957
flugpl,default and disjunctive,16,85,0.5631450310135957
flugpl,default and disjunctive,16,86,0.5631450310135957
flugpl,default and disjunctive,16,87,0.5631450310135957
flugpl,default and disjunctive,16,88,0.5631450310135957
flugpl,default and disjunctive,16,89,0.5631450310135957
flugpl,default and disjunctive,16,90,0.5631450310135957
flugpl,default and disjunctive,16,91,0.5631450310135957
flugpl,default and disjunctive,16,92,0.5631450310135957
flugpl,default and disjunctive,16,93,0.5631450310135957
flugpl,default and disjunctive,16,94,0.5631450310135957
flugpl,default and disjunctive,16,95,0.5631450310135957
flugpl,default and disjunctive,16,96,0.5631450310135957
flugpl,default and disjunctive,16,97,0.5631450310135957
flugpl,default and disjunctive,16,98,0.5631450310135957
flugpl,default and disjunctive,16,99,0.5631450310135957
flugpl,default and disjunctive,16,100,0.5631450310135957
p0033,default,8,1,3.672038292703859e-13
p0033,default,8,2,0.5726829941067133
p0033,default,8,3,0.7472404072362726
p0033,default,8,4,0.8253032953020685
p0033,default,8,5,0.8698448759033446
p0033,default,8,6,0.9047807610807365
p0033,default,8,7,0.9229483396516411
p0033,default,8,8,0.9320226856842775
p0033,default,8,9,0.9513864290307033
p0033,default,8,10,0.9657519696460216
p0033,default,8,11,0.97626564525966
p0033,default,8,12,0.98044823929585
p0033,default,8,13,0.9947695186786328
p0033,default,8,14,0.999996960797313
p0033,default,8,15,0.9999970772067269
p0033,default,8,16,0.9999970772067269
p0033,default,8,17,0.9999970772067269
p0033,default,8,18,0.9999970772067269
p0033,default,8,19,0.9999970772067269
p0033,default,8,20,0.9999970772067269
p0033,default,8,21,0.9999970772067269
p0033,default,8,22,0.9999970772067269
p0033,default,8,23,0.9999970772067269
p0033,default,8,24,0.9999970772067269
p0033,default,8,25,0.9999970772067269
p0033,default,8,26,0.9999970772067269
p0033,default,8,27,0.9999970772067269
p0033,default,8,28,0.9999970772067269
p0033,default,8,29,0.9999970772067269
p0033,default,8,30,0.9999970772067269
p0033,default,8,31,0.9999970772067269
p0033,default,8,32,0.9999970772067269
p0033,default,8,33,0.9999970772067269
p0033,default,8,34,0.9999970772067269
p0033,default,8,35,0.9999970772067269
p0033,default,8,36,0.9999970772067269
p0033,default,8,37,0.9999970772067269
p0033,default,8,38,0.9999970772067269
p0033,default,8,39,0.9999970772067269
p0033,default,8,40,0.9999970772067269
p0033,default,8,41,0.9999970772067269
p0033,default,8,42,0.9999970772067269
p0033,default,8,43,0.9999970772067269
p0033,default,8,44,0.9999970772067269
p0033,default,8,45,0.9999970772067269
p0033,default,8,46,0.9999970772067269
p0033,default,8,47,0.9999970772067269
p0033,default,8,48,0.9999970772067269
p0033,default,8,49,0.9999970772067269
p0033,default,8,50,0.9999970772067269
p0033,default,8,51,0.9999970772067269
p0033,default,8,52,0.9999970772067269
p0033,default,8,53,0.9999970772067269
p0033,default,8,54,0.9999970772067269
p0033,default,8,55,0.9999970772067269
p0033,default,8,56,0.9999970772067269
p0033,default,8,57,0.9999970772067269
p0033,default,8,58,0.9999970772067269
p0033,default,8,59,0.9999970772067269
p0033,default,8,60,0.9999970772067269
p0033,default,8,61,0.9999970772067269
p0033,default,8,62,0.9999970772067269
p0033,default,8,63,0.9999970772067269
p0033,default,8,64,0.9999970772067269
p0033,default,8,65,0.9999970772067269
p0033,default,8,66,0.9999970772067269
p0033,default,8,67,0.9999970772067269
p0033,default,8,68,0.9999970772067269
p0033,default,8,69,0.9999970772067269
p0033,default,8,70,0.9999970772067269
p0033,default,8,71,0.9999970772067269
p0033,default,8,72,0.9999970772067269
p0033,default,8,73,0.9999970772067269
p0033,default,8,74,0.9999970772067269
p0033,default,8,75,0.9999970772067269
p0033,default,8,76,0.9999970772067269
p0033,default,8,77,0.9999970772067269
p0033,default,8,78,0.9999970772067269
p0033,default,8,79,0.9999970772067269
p0033,default,8,80,0.9999970772067269
p0033,default,8,81,0.9999970772067269
p0033,default,8,82,0.9999970772067269
p0033,default,8,83,0.9999970772067269
p0033,default,8,84,0.9999970772067269
p0033,default,8,85,0.9999970772067269
p0033,default,8,86,0.9999970772067269
p0033,default,8,87,0.9999970772067269
p0033,default,8,88,0.9999970772067269
p0033,default,8,89,0.9999970772067269
p0033,default,8,90,0.9999970772067269
p0033,default,8,91,0.9999970772067269
p0033,default,8,92,0.9999970772067269
p0033,default,8,93,0.9999970772067269
p0033,default,8,94,0.9999970772067269
p0033,default,8,95,0.9999970772067269
p0033,default,8,96,0.9999970772067269
p0033,default,8,97,0.9999970772067269
p0033,default,8,98,0.9999970772067269
p0033,default,8,99,0.9999970772067269
p0033,default,8,100,0.9999970772067269
p0033,disjunctive only,8,1,3.672038292703859e-13
p0033,disjunctive only,8,2,0.021371596763921634
p0033,disjunctive only,8,3,0.02918759749068679
p0033,disjunctive only,8,4,0.048676901379764576
p0033,disjunctive only,8,5,0.048676971623773095
p0033,disjunctive only,8,6,0.048677016301115
p0033,disjunctive only,8,7,0.04932945264731475
p0033,disjunctive only,8,8,0.05120206336297363
p0033,disjunctive only,8,9,0.05171391427615013
p0033,disjunctive only,8,10,0.05171392475940105
p0033,disjunctive only,8,11,0.052603965612290755
p0033,disjunctive only,8,12,0.052667311833712226
p0033,disjunctive only,8,13,0.05266732019629383
p0033,disjunctive only,8,14,0.052672472187534965
p0033,disjunctive only,8,15,0.052672533040859955
p0033,disjunctive only,8,16,0.05267262408834942
p0033,disjunctive only,8,17,0.05267289001399774
p0033,disjunctive only,8,18,0.05267289023399923
p0033,disjunctive only,8,19,0.05267289092738087
p0033,disjunctive only,8,20,0.05267289092738087
p0033,disjunctive only,8,21,0.05267289092738087
p0033,disjunctive only,8,22,0.05267289092738087
p0033,disjunctive only,8,23,0.05267289092738087
p0033,disjunctive only,8,24,0.05267289092738087
p0033,disjunctive only,8,25,0.05267289092738087
p0033,disjunctive only,8,26,0.05267289092738087
p0033,disjunctive only,8,27,0.05267289092738087
p0033,disjunctive only,8,28,0.05267289092738087
p0033,disjunctive only,8,29,0.05267289092738087
p0033,disjunctive only,8,30,0.05267289092738087
p0033,disjunctive only,8,31,0.05267289092738087
p0033,disjunctive only,8,32,0.05267289092738087
p0033,disjunctive only,8,33,0.05267289092738087
p0033,disjunctive only,8,34,0.05267289092738087
p0033,disjunctive only,8,35,0.05267289092738087
p0033,disjunctive only,8,36,0.05267289092738087
p0033,disjunctive only,8,37,0.05267289092738087
p0033,disjunctive only,8,38,0.05267289092738087
p0033,disjunctive only,8,39,0.05267289092738087
p0033,disjunctive only,8,40,0.05267289092738087
p0033,disjunctive only,8,41,0.05267289092738087
p0033,disjunctive only,8,42,0.05267289092738087
p0033,disjunctive only,8,43,0.05267289092738087
p0033,disjunctive only,8,44,0.05267289092738087
p0033,disjunctive only,8,45,0.05267289092738087
p0033,disjunctive only,8,46,0.05267289092738087
p0033,disjunctive only,8,47,0.05267289092738087
p0033,disjunctive only,8,48,0.05267289092738087
p0033,disjunctive only,8,49,0.05267289092738087
p0033,disjunctive only,8,50,0.05267289092738087
p0033,disjunctive only,8,51,0.05267289092738087
p0033,disjunctive only,8,52,0.05267289092738087
p0033,disjunctive only,8,53,0.05267289092738087
p0033,disjunctive only,8,54,0.05267289092738087
p0033,disjunctive only,8,55,0.05267289092738087
p0033,disjunctive only,8,56,0.05267289092738087
p0033,disjunctive only,8,57,0.05267289092738087
p0033,disjunctive only,8,58,0.05267289092738087
p0033,disjunctive only,8,59,0.05267289092738087
p0033,disjunctive only,8,60,0.05267289092738087
p0033,disjunctive only,8,61,0.05267289092738087
p0033,disjunctive only,8,62,0.05267289092738087
p0033,disjunctive only,8,63,0.05267289092738087
p0033,disjunctive only,8,64,0.05267289092738087
p0033,disjunctive only,8,65,0.05267289092738087
p0033,disjunctive only,8,66,0.05267289092738087
p0033,disjunctive only,8,67,0.05267289092738087
p0033,disjunctive only,8,68,0.05267289092738087
p0033,disjunctive only,8,69,0.05267289092738087
p0033,disjunctive only,8,70,0.05267289092738087
p0033,disjunctive only,8,71,0.05267289092738087
p0033,disjunctive only,8,72,0.05267289092738087
p0033,disjunctive only,8,73,0.05267289092738087
p0033,disjunctive only,8,74,0.05267289092738087
p0033,disjunctive only,8,75,0.05267289092738087
p0033,disjunctive only,8,76,0.05267289092738087
p0033,disjunctive only,8,77,0.05267289092738087
p0033,disjunctive only,8,78,0.05267289092738087
p0033,disjunctive only,8,79,0.05267289092738087
p0033,disjunctive only,8,80,0.05267289092738087
p0033,disjunctive only,8,81,0.05267289092738087
p0033,disjunctive only,8,82,0.05267289092738087
p0033,disjunctive only,8,83,0.05267289092738087
p0033,disjunctive only,8,84,0.05267289092738087
p0033,disjunctive only,8,85,0.05267289092738087
p0033,disjunctive only,8,86,0.05267289092738087
p0033,disjunctive only,8,87,0.05267289092738087
p0033,disjunctive only,8,88,0.05267289092738087
p0033,disjunctive only,8,89,0.05267289092738087
p0033,disjunctive only,8,90,0.05267289092738087
p0033,disjunctive only,8,91,0.05267289092738087
p0033,disjunctive only,8,92,0.05267289092738087
p0033,disjunctive only,8,93,0.05267289092738087
p0033,disjunctive only,8,94,0.05267289092738087
p0033,disjunctive only,8,95,0.05267289092738087
p0033,disjunctive only,8,96,0.05267289092738087
p0033,disjunctive only,8,97,0.05267289092738087
p0033,disjunctive only,8,98,0.05267289092738087
p0033,disjunctive only,8,99,0.05267289092738087
p0033,disjunctive only,8,100,0.05267289092738087
p0033,default and disjunctive,8,1,3.672038292703859e-13
p0033,default and disjunctive,8,2,0.5726829941067133
p0033,default and disjunctive,8,3,0.7472404072362726
p0033,default and disjunctive,8,4,0.8253032953020677
p0033,default and disjunctive,8,5,0.8698450634223969
p0033,default and disjunctive,8,6,0.904781335003715
p0033,default and disjunctive,8,7,0.922948729178744
p0033,default and disjunctive,8,8,0.9320233925165476
p0033,default and disjunctive,8,9,0.952018741651225
p0033,default and disjunctive,8,10,0.9644201453832861
p0033,default and disjunctive,8,11,0.9667939560776779
p0033,default and disjunctive,8,12,0.9698121278564512
p0033,default and disjunctive,8,13,0.9724170402587246
p0033,default and disjunctive,8,14,0.9747840530637027
p0033,default and disjunctive,8,15,0.9758488231266254
p0033,default and disjunctive,8,16,0.980969389392809
p0033,default and disjunctive,8,17,0.982355613188677
p0033,default and disjunctive,8,18,0.9851201190366392
p0033,default and disjunctive,8,19,0.9909206526625739
p0033,default and disjunctive,8,20,0.9934220845275609
p0033,default and disjunctive,8,21,0.9958615983167377
p0033,default and disjunctive,8,22,0.9971578146366493
p0033,default and disjunctive,8,23,0.9982240790445944
p0033,default and disjunctive,8,24,0.9984449290356348
p0033,default and disjunctive,8,25,0.9991184752203655
p0033,default and disjunctive,8,26,0.9997153562600369
p0033,default and disjunctive,8,27,0.9998622544151576
p0033,default and disjunctive,8,28,0.9999883381019051
p0033,default and disjunctive,8,29,0.9999883381019036
p0033,default and disjunctive,8,30,0.9999883381019036
p0033,default and disjunctive,8,31,0.9999883381019036
p0033,default and disjunctive,8,32,0.9999883381019036
p0033,default and disjunctive,8,33,0.9999883381019036
p0033,default and disjunctive,8,34,0.9999883381019036
p0033,default and disjunctive,8,35,0.9999883381019036
p0033,default and disjunctive,8,36,0.9999883381019036
p0033,default and disjunctive,8,37,0.9999883381019036
p0033,default and disjunctive,8,38,0.9999883381019036
p0033,default and disjunctive,8,39,0.9999883381019036
p0033,default and disjunctive,8,40,0.9999883381019036
p0033,default and disjunctive,8,41,0.9999883381019036
p0033,default and disjunctive,8,42,0.9999883381019036
p0033,default and disjunctive,8,43,0.9999883381019036
p0033,default and disjunctive,8,44,0.9999883381019036
p0033,default and disjunctive,8,45,0.9999883381019036
p0033,default and disjunctive,8,46,0.9999883381019036
p0033,default and disjunctive,8,47,0.9999883381019036
p0033,default and disjunctive,8,48,0.9999883381019036
p0033,default and disjunctive,8,49,0.9999883381019036
p0033,default and disjunctive,8,50,0.9999883381019036
p0033,default and disjunctive,8,51,0.9999883381019036
p0033,default and disjunctive,8,52,0.9999883381019036
p0033,default and disjunctive,8,53,0.9999883381019036
p0033,default and disjunctive,8,54,0.9999883381019036
p0033,default and disjunctive,8,55,0.9999883381019036
p0033,default and disjunctive,8,56,0.9999883381019036
p0033,default and disjunctive,8,57,0.9999883381019036
p0033,default and disjunctive,8,58,0.9999883381019036
p0033,default and disjunctive,8,59,0.9999883381019036
p0033,default and disjunctive,8,60,0.9999883381019036
p0033,default and disjunctive,8,61,0.9999883381019036
p0033,default and disjunctive,8,62,0.9999883381019036
p0033,default and disjunctive,8,63,0.9999883381019036
p0033,default and disjunctive,8,64,0.9999883381019036
p0033,default and disjunctive,8,65,0.9999883381019036
p0033,default and disjunctive,8,66,0.9999883381019036
p0033,default and disjunctive,8,67,0.9999883381019036
p0033,default and disjunctive,8,68,0.9999883381019036
p0033,default and disjunctive,8,69,0.9999883381019036
p0033,default and disjunctive,8,70,0.9999883381019036
p0033,default and disjunctive,8,71,0.9999883381019036
p0033,default and disjunctive,8,72,0.9999883381019036
p0033,default and disjunctive,8,73,0.9999883381019036
p0033,default and disjunctive,8,74,0.9999883381019036
p0033,default and disjunctive,8,75,0.9999883381019036
p0033,default and disjunctive,8,76,0.9999883381019036
p0033,default and disjunctive,8,77,0.9999883381019036
p0033,default and disjunctive,8,78,0.9999883381019036
p0033,default and disjunctive,8,79,0.9999883381019036
p0033,default and disjunctive,8,80,0.9999883381019036
p0033,default and disjunctive,8,81,0.9999883381019036
p0033,default and disjunctive,8,82,0.9999883381019036
p0033,default and disjunctive,8,83,0.9999883381019036
p0033,default and disjunctive,8,84,0.9999883381019036
p0033,default and disjunctive,8,85,0.9999883381019036
p0033,default and disjunctive,8,86,0.9999883381019036
p0033,default and disjunctive,8,87,0.9999883381019036
p0033,default and disjunctive,8,88,0.9999883381019036
p0033,default and disjunctive,8,89,0.9999883381019036
p0033,default and disjunctive,8,90,0.9999883381019036
p0033,default and disjunctive,8,91,0.9999883381019036
p0033,default and disjunctive,8,92,0.9999883381019036
p0033,default and disjunctive,8,93,0.9999883381019036
p0033,default and disjunctive,8,94,0.9999883381019036
p0033,default and disjunctive,8,95,0.9999883381019036
p0033,default and disjunctive,8,96,0.9999883381019036
p0033,default and disjunctive,8,97,0.9999883381019036
p0033,default and disjunctive,8,98,0.9999883381019036
p0033,default and disjunctive,8,99,0.9999883381019036
p0033,default and disjunctive,8,100,0.9999883381019036
bm23,default,8,1,0.0
bm23,default,8,2,0.20877311085501044
bm23,default,8,3,0.23012427134754593
bm23,default,8,4,0.2479978441744737
bm23,default,8,5,0.26117626459664883
bm23,default,8,6,0.28050629339608957
bm23,default,8,7,0.30485468984703407
bm23,default,8,8,0.3211736647404292
bm23,default,8,9,0.32953472388530464
bm23,default,8,10,0.335895202057338
bm23,default,8,11,0.33669760563584655
bm23,default,8,12,0.3381023972191287
bm23,default,8,13,0.3393856751738461
bm23,default,8,14,0.34038374939708804
bm23,default,8,15,0.3408602161381269
bm23,default,8,16,0.3418766232448633
bm23,default,8,17,0.3433439763794841
bm23,default,8,18,0.34737241127013846
bm23,default,8,19,0.34946562449867086
bm23,default,8,20,0.3510579343368698
bm23,default,8,21,0.35318007956533704
bm23,default,8,22,0.36508337926073264
bm23,default,8,23,0.37065733699926096
bm23,default,8,24,0.3761612299782322
bm23,default,8,25,0.3814046667848884
bm23,default,8,26,0.38240686679878844
bm23,default,8,27,0.3843321478788146
bm23,default,8,28,0.38550489684686684
bm23,default,8,29,0.3898948641832222
bm23,default,8,30,0.39800044404452173
bm23,default,8,31,0.4007418519253249
bm23,default,8,32,0.4022479427937684
bm23,default,8,33,0.40427780232163535
bm23,default,8,34,0.4042778023216356
bm23,default,8,35,0.4042778023216351
bm23,default,8,36,0.4042778023216351
bm23,default,8,37,0.4042778023216351
bm23,default,8,38,0.4042778023216351
bm23,default,8,39,0.4042778023216356
bm23,default,8,40,0.4042778023216351
bm23,default,8,41,0.4042778023216351
bm23,default,8,42,0.40427780232163535
bm23,default,8,43,0.4042778023216356
bm23,default,8,44,0.4042778023216356
bm23,default,8,45,0.40427780232163535
bm23,default,8,46,0.40427780232163535
bm23,default,8,47,0.40427780232163535
bm23,default,8,48,0.4042778023216356
bm23,default,8,49,0.40427780232163535
bm23,default,8,50,0.40427780232163535
bm23,default,8,51,0.4042778023216356
bm23,default,8,52,0.40427780232163535
bm23,default,8,53,0.4042778023216351
bm23,default,8,54,0.4042778023216343
bm23,default,8,55,0.40427780232163535
bm23,default,8,56,0.4042778023216356
bm23,default,8,57,0.4042778023216356
bm23,default,8,58,0.40427780232163535
bm23,default,8,59,0.40427780232163535
bm23,default,8,60,0.40427780232163535
bm23,default,8,61,0.4042778023216351
bm23,default,8,62,0.40427780232163535
bm23,default,8,63,0.40427780232163535
bm23,default,8,64,0.4042778023216356
bm23,default,8,65,0.40427780232163535
bm23,default,8,66,0.4042778023216356
bm23,default,8,67,0.4042778023216359
bm23,default,8,68,0.40427780232163535
bm23,default,8,69,0.40427780232163485
bm23,default,8,70,0.4042778023216356
bm23,default,8,71,0.40427780232163485
bm23,default,8,72,0.40427780232163535
bm23,default,8,73,0.4042778023216351
bm23,default,8,74,0.40427780232163535
bm23,default,8,75,0.40427780232163485
bm23,default,8,76,0.4042778023216351
bm23,default,8,77,0.4042778023216351
bm23,default,8,78,0.4042778023216356
bm23,default,8,79,0.40427780232163535
bm23,default,8,80,0.4042778023216359
bm23,default,8,81,0.40427780232163485
bm23,default,8,82,0.40427780232163535
bm23,default,8,83,0.4042778023216359
bm23,default,8,84,0.40427780232163535
bm23,default,8,85,0.40427780232163535
bm23,default,8,86,0.4042778023216356
bm23,default,8,87,0.4042778023216351
bm23,default,8,88,0.40427780232163535
bm23,default,8,89,0.4042778023216356
bm23,default,8,90,0.40427780232163535
bm23,default,8,91,0.4042778023216356
bm23,default,8,92,0.4042778023216356
bm23,default,8,93,0.40427780232163535
bm23,default,8,94,0.40427780232163535
bm23,default,8,95,0.4042778023216356
bm23,default,8,96,0.4042778023216351
bm23,default,8,97,0.40427780232163535
bm23,default,8,98,0.40427780232163535
bm23,default,8,99,0.40427780232163535
bm23,default,8,100,0.4042778023216356
bm23,disjunctive only,8,1,0.0
bm23,disjunctive only,8,2,0.021222855024007746
bm23,disjunctive only,8,3,0.06517494108452503
bm23,disjunctive only,8,4,0.08888230253665014
bm23,disjunctive only,8,5,0.10033397713862567
bm23,disjunctive only,8,6,0.10788043476249812
bm23,disjunctive only,8,7,0.1134586662777461
bm23,disjunctive only,8,8,0.1300260233534086
bm23,disjunctive only,8,9,0.1456408174856809
bm23,disjunctive only,8,10,0.1539670538742112
bm23,disjunctive only,8,11,0.15613593834244385
bm23,disjunctive only,8,12,0.16231947196003418
bm23,disjunctive only,8,13,0.16870592378152274
bm23,disjunctive only,8,14,0.18241169594566953
bm23,disjunctive only,8,15,0.18772718322944854
bm23,disjunctive only,8,16,0.18966713669262097
bm23,disjunctive only,8,17,0.19033156144758698
bm23,disjunctive only,8,18,0.19124272081713736
bm23,disjunctive only,8,19,0.20261438943367766
bm23,disjunctive only,8,20,0.2064334784559024
bm23,disjunctive only,8,21,0.2079945540481757
bm23,disjunctive only,8,22,0.2086918437613156
bm23,disjunctive only,8,23,0.20969079409845062
bm23,disjunctive only,8,24,0.21063526375983876
bm23,disjunctive only,8,25,0.210906362608802
bm23,disjunctive only,8,26,0.211348569468335
bm23,disjunctive only,8,27,0.2130733823532599
bm23,disjunctive only,8,28,0.21386106884794964
bm23,disjunctive only,8,29,0.214286689905559
bm23,disjunctive only,8,30,0.21447948995162616
bm23,disjunctive only,8,31,0.21516632218700452
bm23,disjunctive only,8,32,0.21594873783168034
bm23,disjunctive only,8,33,0.2170490372982055
bm23,disjunctive only,8,34,0.21732633999140993
bm23,disjunctive only,8,35,0.217721422187382
bm23,disjunctive only,8,36,0.21882690202165472
bm23,disjunctive only,8,37,0.21965619951795023
bm23,disjunctive only,8,38,0.22081088440681412
bm23,disjunctive only,8,39,0.2210102328502864
bm23,disjunctive only,8,40,0.22120612902434197
bm23,disjunctive only,8,41,0.2214661464602657
bm23,disjunctive only,8,42,0.22162274117476125
bm23,disjunctive only,8,43,0.2217421405723084
bm23,disjunctive only,8,44,0.22222164934392494
bm23,disjunctive only,8,45,0.2224933055058967
bm23,disjunctive only,8,46,0.22264737974391988
bm23,disjunctive only,8,47,0.22287029724309582
bm23,disjunctive only,8,48,0.22290946786504753
bm23,disjunctive only,8,49,0.22313338407036679
bm23,disjunctive only,8,50,0.22322084830655559
bm23,disjunctive only,8,51,0.22334198226769833
bm23,disjunctive only,8,52,0.22355647883505117
bm23,disjunctive only,8,53,0.22387774791368992
bm23,disjunctive only,8,54,0.22394364820453808
bm23,disjunctive only,8,55,0.2244453346307839
bm23,disjunctive only,8,56,0.22463986650427387
bm23,disjunctive only,8,57,0.22477697357428528
bm23,disjunctive only,8,58,0.22480516300934195
bm23,disjunctive only,8,59,0.22481477420496596
bm23,disjunctive only,8,60,0.22505136348540075
bm23,disjunctive only,8,61,0.22530740361756874
bm23,disjunctive only,8,62,0.22551633335253998
bm23,disjunctive only,8,63,0.2255690326404377
bm23,disjunctive only,8,64,0.2256665904525635
bm23,disjunctive only,8,65,0.22578445374967976
bm23,disjunctive only,8,66,0.2260955725111772
bm23,disjunctive only,8,67,0.2261310792652318
bm23,disjunctive only,8,68,0.22623019879874012
bm23,disjunctive only,8,69,0.22624695143527376
bm23,disjunctive only,8,70,0.22652000318467982
bm23,disjunctive only,8,71,0.2266033650729836
bm23,disjunctive only,8,72,0.22680656076454656
bm23,disjunctive only,8,73,0.22689590850239888
bm23,disjunctive only,8,74,0.22723581467328535
bm23,disjunctive only,8,75,0.22728447919046676
bm23,disjunctive only,8,76,0.22740165747004168
bm23,disjunctive only,8,77,0.22746760709274066
bm23,disjunctive only,8,78,0.22749635956727393
bm23,disjunctive only,8,79,0.22767076761175792
bm23,disjunctive only,8,80,0.22774875754497412
bm23,disjunctive only,8,81,0.2277840617824773
bm23,disjunctive only,8,82,0.22780835272298988
bm23,disjunctive only,8,83,0.22782345357919698
bm23,disjunctive only,8,84,0.22786174493728098
bm23,disjunctive only,8,85,0.22790484394602045
bm23,disjunctive only,8,86,0.2279190660301378
bm23,disjunctive only,8,87,0.2280673540962701
bm23,disjunctive only,8,88,0.22814618956408023
bm23,disjunctive only,8,89,0.22824297883342698
bm23,disjunctive only,8,90,0.22827776365605507
bm23,disjunctive only,8,91,0.2282830955679046
bm23,disjunctive only,8,92,0.22839122546447455
bm23,disjunctive only,8,93,0.2284170141701396
bm23,disjunctive only,8,94,0.22842140944802244
bm23,disjunctive only,8,95,0.2284336820591375
bm23,disjunctive only,8,96,0.2284346534199749
bm23,disjunctive only,8,97,0.22845888860057775
bm23,disjunctive only,8,98,0.22847499151899178
bm23,disjunctive only,8,99,0.22848004056783466
bm23,disjunctive only,8,100,0.22849122852736156
bm23,default and disjunctive,8,1,0.0
bm23,default and disjunctive,8,2,0.20877311085501044
bm23,default and disjunctive,8,3,0.2358968589575628
bm23,default and disjunctive,8,4,0.254142242418036
bm23,default and disjunctive,8,5,0.27041952722634655
bm23,default and disjunctive,8,6,0.2835440491495894
bm23,default and disjunctive,8,7,0.2875038574111937
bm23,default and disjunctive,8,8,0.29020206538953797
bm23,default and disjunctive,8,9,0.2933048747066933
bm23,default and disjunctive,8,10,0.2975216646554933
bm23,default and disjunctive,8,11,0.29960742491657844
bm23,default and disjunctive,8,12,0.30924726849548184
bm23,default and disjunctive,8,13,0.3286809885838629
bm23,default and disjunctive,8,14,0.3367638522041076
bm23,default and disjunctive,8,15,0.3436258568876905
bm23,default and disjunctive,8,16,0.3457376465943309
bm23,default and disjunctive,8,17,0.348280254387824
bm23,default and disjunctive,8,18,0.3493632469166208
bm23,default and disjunctive,8,19,0.34997812118496235
bm23,default and disjunctive,8,20,0.3505335661592746
bm23,default and disjunctive,8,21,0.35337486253343103
bm23,default and disjunctive,8,22,0.35441710287984507
bm23,default and disjunctive,8,23,0.3550968933370195
bm23,default and disjunctive,8,24,0.3553679782530352
bm23,default and disjunctive,8,25,0.35658089809556875
bm23,default and disjunctive,8,26,0.35701731383232616
bm23,default and disjunctive,8,27,0.3570542340245126
bm23,default and disjunctive,8,28,0.3574460498995937
bm23,default and disjunctive,8,29,0.3578254591695069
bm23,default and disjunctive,8,30,0.358118252081137
bm23,default and disjunctive,8,31,0.35846063099855824
bm23,default and disjunctive,8,32,0.35875839464382375
bm23,default and disjunctive,8,33,0.3589953123669632
bm23,default and disjunctive,8,34,0.3591047960217307
bm23,default and disjunctive,8,35,0.3591494305290779
bm23,default and disjunctive,8,36,0.3592662092342605
bm23,default and disjunctive,8,37,0.3601436640294367
bm23,default and disjunctive,8,38,0.3608394073021898
bm23,default and disjunctive,8,39,0.36115268280752194
bm23,default and disjunctive,8,40,0.3613439041263785
bm23,default and disjunctive,8,41,0.361769838980941
bm23,default and disjunctive,8,42,0.36478297171066887
bm23,default and disjunctive,8,43,0.3703731531104584
bm23,default and disjunctive,8,44,0.3746092719670947
bm23,default and disjunctive,8,45,0.3788665504923892
bm23,default and disjunctive,8,46,0.3808948158364607
bm23,default and disjunctive,8,47,0.38226117793555947
bm23,default and disjunctive,8,48,0.38333505146889046
bm23,default and disjunctive,8,49,0.38393478539275644
bm23,default and disjunctive,8,50,0.38531482816473667
bm23,default and disjunctive,8,51,0.3859619006368569
bm23,default and disjunctive,8,52,0.3865749512207386
bm23,default and disjunctive,8,53,0.3870970853992823
bm23,default and disjunctive,8,54,0.38777819973595146
bm23,default and disjunctive,8,55,0.3918334214652871
bm23,default and disjunctive,8,56,0.3960333088710787
bm23,default and disjunctive,8,57,0.3984755005422889
bm23,default and disjunctive,8,58,0.40072690769762137
bm23,default and disjunctive,8,59,0.40427780232163535
bm23,default and disjunctive,8,60,0.4042778023216356
bm23,default and disjunctive,8,61,0.4042778023216356
bm23,default and disjunctive,8,62,0.40427780232163535
bm23,default and disjunctive,8,63,0.40427780232163535
bm23,default and disjunctive,8,64,0.4042778023216356
bm23,default and disjunctive,8,65,0.4042778023216364
bm23,default and disjunctive,8,66,0.4042778023216351
bm23,default and disjunctive,8,67,0.40427780232163535
bm23,default and disjunctive,8,68,0.4042778023216356
bm23,default and disjunctive,8,69,0.4042778023216356
bm23,default and disjunctive,8,70,0.4042778023216356
bm23,default and disjunctive,8,71,0.4042778023216356
bm23,default and disjunctive,8,72,0.4042778023216356
bm23,default and disjunctive,8,73,0.4042778023216351
bm23,default and disjunctive,8,74,0.4042778023216359
bm23,default and disjunctive,8,75,0.4042778023216359
bm23,default and disjunctive,8,76,0.4042778023216351
bm23,default and disjunctive,8,77,0.4042778023216351
bm23,default and disjunctive,8,78,0.4042778023216359
bm23,default and disjunctive,8,79,0.4042778023216356
bm23,default and disjunctive,8,80,0.4042778023216351
bm23,default and disjunctive,8,81,0.4042778023216356
bm23,default and disjunctive,8,82,0.4042778023216356
bm23,default and disjunctive,8,83,0.4042778023216356
bm23,default and disjunctive,8,84,0.40427780232163485
bm23,default and disjunctive,8,85,0.4042778023216356
bm23,default and disjunctive,8,86,0.4042778023216356
bm23,default and disjunctive,8,87,0.4042778023216359
bm23,default and disjunctive,8,88,0.4042778023216356
bm23,default and disjunctive,8,89,0.40427780232163535
bm23,default and disjunctive,8,90,0.4042778023216351
bm23,default and disjunctive,8,91,0.40427780232163535
bm23,default and disjunctive,8,92,0.40427780232163535
bm23,default and disjunctive,8,93,0.4042778023216356
bm23,default and disjunctive,8,94,0.4042778023216351
bm23,default and disjunctive,8,95,0.4042778023216351
bm23,default and disjunctive,8,96,0.40427780232163485
bm23,default and disjunctive,8,97,0.4042778023216359
bm23,default and disjunctive,8,98,0.40427780232163535
bm23,default and disjunctive,8,99,0.40427780232163535
bm23,default and disjunctive,8,100,0.40427780232163535
bm23,default,16,1,0.0
bm23,default,16,2,0.20877311085501044
bm23,default,16,3,0.23012427134754593
bm23,default,16,4,0.2479978441744737
bm23,default,16,5,0.26117626459664883
bm23,default,16,6,0.28050629339608957
bm23,default,16,7,0.30485468984703407
bm23,default,16,8,0.3211736647404292
bm23,default,16,9,0.32953472388530464
bm23,default,16,10,0.335895202057338
bm23,default,16,11,0.33669760563584655
bm23,default,16,12,0.3381023972191287
bm23,default,16,13,0.3393856751738461
bm23,default,16,14,0.34038374939708804
bm23,default,16,15,0.3408602161381269
bm23,default,16,16,0.3418766232448633
bm23,default,16,17,0.3433439763794841
bm23,default,16,18,0.34737241127013846
bm23,default,16,19,0.34946562449867086
bm23,default,16,20,0.3510579343368698
bm23,default,16,21,0.35318007956533704
bm23,default,16,22,0.36508337926073264
bm23,default,16,23,0.37065733699926096
bm23,default,16,24,0.3761612299782322
bm23,default,16,25,0.3814046667848884
bm23,default,16,26,0.38240686679878844
bm23,default,16,27,0.3843321478788146
bm23,default,16,28,0.38550489684686684
bm23,default,16,29,0.3898948641832222
bm23,default,16,30,0.39800044404452173
bm23,default,16,31,0.4007418519253249
bm23,default,16,32,0.4022479427937684
bm23,default,16,33,0.40427780232163535
bm23,default,16,34,0.4042778023216356
bm23,default,16,35,0.4042778023216351
bm23,default,16,36,0.4042778023216351
bm23,default,16,37,0.4042778023216351
bm23,default,16,38,0.4042778023216351
bm23,default,16,39,0.4042778023216356
bm23,default,16,40,0.4042778023216351
bm23,default,16,41,0.4042778023216351
bm23,default,16,42,0.40427780232163535
bm23,default,16,43,0.4042778023216356
bm23,default,16,44,0.4042778023216356
bm23,default,16,45,0.40427780232163535
bm23,default,16,46,0.40427780232163535
bm23,default,16,47,0.40427780232163535
bm23,default,16,48,0.4042778023216356
bm23,default,16,49,0.40427780232163535
bm23,default,16,50,0.40427780232163535
bm23,default,16,51,0.4042778023216356
bm23,default,16,52,0.40427780232163535
bm23,default,16,53,0.4042778023216351
bm23,default,16,54,0.4042778023216343
bm23,default,16,55,0.40427780232163535
bm23,default,16,56,0.4042778023216356
bm23,default,16,57,0.4042778023216356
bm23,default,16,58,0.40427780232163535
bm23,default,16,59,0.40427780232163535
bm23,default,16,60,0.40427780232163535
bm23,default,16,61,0.4042778023216351
bm23,default,16,62,0.40427780232163535
bm23,default,16,63,0.40427780232163535
bm23,default,16,64,0.4042778023216356
bm23,default,16,65,0.40427780232163535
bm23,default,16,66,0.4042778023216356
bm23,default,16,67,0.4042778023216359
bm23,default,16,68,0.40427780232163535
bm23,default,16,69,0.40427780232163485
bm23,default,16,70,0.4042778023216356
bm23,default,16,71,0.40427780232163485
bm23,default,16,72,0.40427780232163535
bm23,default,16,73,0.4042778023216351
bm23,default,16,74,0.40427780232163535
bm23,default,16,75,0.40427780232163485
bm23,default,16,76,0.4042778023216351
bm23,default,16,77,0.4042778023216351
bm23,default,16,78,0.4042778023216356
bm23,default,16,79,0.40427780232163535
bm23,default,16,80,0.4042778023216359
bm23,default,16,81,0.40427780232163485
bm23,default,16,82,0.40427780232163535
bm23,default,16,83,0.4042778023216359
bm23,default,16,84,0.40427780232163535
bm23,default,16,85,0.40427780232163535
bm23,default,16,86,0.4042778023216356
bm23,default,16,87,0.4042778023216351
bm23,default,16,88,0.40427780232163535
bm23,default,16,89,0.4042778023216356
bm23,default,16,90,0.40427780232163535
bm23,default,16,91,0.4042778023216356
bm23,default,16,92,0.4042778023216356
bm23,default,16,93,0.40427780232163535
bm23,default,16,94,0.40427780232163535
bm23,default,16,95,0.4042778023216356
bm23,default,16,96,0.4042778023216351
bm23,default,16,97,0.40427780232163535
bm23,default,16,98,0.40427780232163535
bm23,default,16,99,0.40427780232163535
bm23,default,16,100,0.4042778023216356
bm23,disjunctive only,16,1,0.0
bm23,disjunctive only,16,2,0.026958315769833086
bm23,disjunctive only,16,3,0.05714766001691912
bm23,disjunctive only,16,4,0.09199525662915763
bm23,disjunctive only,16,5,0.11022319203726048
bm23,disjunctive only,16,6,0.12565824668627784
bm23,disjunctive only,16,7,0.15010553179050415
bm23,disjunctive only,16,8,0.1551796655619623
bm23,disjunctive only,16,9,0.16786446275942685
bm23,disjunctive only,16,10,0.17394349312488075
bm23,disjunctive only,16,11,0.1744936056467934
bm23,disjunctive only,16,12,0.17689601975393757
bm23,disjunctive only,16,13,0.17940853033736937
bm23,disjunctive only,16,14,0.18231461780545702
bm23,disjunctive only,16,15,0.1933706146602637
bm23,disjunctive only,16,16,0.2055902889203754
bm23,disjunctive only,16,17,0.20681189700497504
bm23,disjunctive only,16,18,0.2096060081274336
bm23,disjunctive only,16,19,0.2158771833172271
bm23,disjunctive only,16,20,0.22289963809133817
bm23,disjunctive only,16,21,0.22376719493164754
bm23,disjunctive only,16,22,0.22404025086938467
bm23,disjunctive only,16,23,0.22621928162354496
bm23,disjunctive only,16,24,0.22663691996033192
bm23,disjunctive only,16,25,0.2326430019060991
bm23,disjunctive only,16,26,0.23479068058384842
bm23,disjunctive only,16,27,0.24220593064973672
bm23,disjunctive only,16,28,0.24390079274972573
bm23,disjunctive only,16,29,0.2473728274545248
bm23,disjunctive only,16,30,0.24794246209907284
bm23,disjunctive only,16,31,0.24861755738067218
bm23,disjunctive only,16,32,0.249663607812421
bm23,disjunctive only,16,33,0.25023396482096694
bm23,disjunctive only,16,34,0.25192421207108845
bm23,disjunctive only,16,35,0.2578514371736323
bm23,disjunctive only,16,36,0.259630957752093
bm23,disjunctive only,16,37,0.2621132244167715
bm23,disjunctive only,16,38,0.26309279935369434
bm23,disjunctive only,16,39,0.26420502722128375
bm23,disjunctive only,16,40,0.26483478537545424
bm23,disjunctive only,16,41,0.26536582813834036
bm23,disjunctive only,16,42,0.26696967126099286
bm23,disjunctive only,16,43,0.26933060745551696
bm23,disjunctive only,16,44,0.2694735340157087
bm23,disjunctive only,16,45,0.27056111000826705
bm23,disjunctive only,16,46,0.2743210962296686
bm23,disjunctive only,16,47,0.2743313208880055
bm23,disjunctive only,16,48,0.27633244803049944
bm23,disjunctive only,16,49,0.27867833141082066
bm23,disjunctive only,16,50,0.280743657202272
bm23,disjunctive only,16,51,0.28592393249090936
bm23,disjunctive only,16,52,0.28638855227746557
bm23,disjunctive only,16,53,0.2873565057139058
bm23,disjunctive only,16,54,0.2878191391644065
bm23,disjunctive only,16,55,0.2887722094448688
bm23,disjunctive only,16,56,0.2896800889080944
bm23,disjunctive only,16,57,0.28986845483807844
bm23,disjunctive only,16,58,0.2917544866524521
bm23,disjunctive only,16,59,0.29208614151127543
bm23,disjunctive only,16,60,0.2955636977814236
bm23,disjunctive only,16,61,0.29579182547364913
bm23,disjunctive only,16,62,0.29598964879128664
bm23,disjunctive only,16,63,0.29656922775558997
bm23,disjunctive only,16,64,0.2967523502681611
bm23,disjunctive only,16,65,0.29728371953239635
bm23,disjunctive only,16,66,0.2980085691393207
bm23,disjunctive only,16,67,0.29866739789178753
bm23,disjunctive only,16,68,0.3010188980022686
bm23,disjunctive only,16,69,0.3010892014660853
bm23,disjunctive only,16,70,0.3011583955756482
bm23,disjunctive only,16,71,0.3023719954237271
bm23,disjunctive only,16,72,0.3030496127461985
bm23,disjunctive only,16,73,0.3034046220696167
bm23,disjunctive only,16,74,0.31062029129761276
bm23,disjunctive only,16,75,0.31223646486335555
bm23,disjunctive only,16,76,0.312337815926848
bm23,disjunctive only,16,77,0.3131838048051215
bm23,disjunctive only,16,78,0.3138274093096042
bm23,disjunctive only,16,79,0.3141294928160298
bm23,disjunctive only,16,80,0.3144735826926201
bm23,disjunctive only,16,81,0.31516535640820403
bm23,disjunctive only,16,82,0.31659162108723865
bm23,disjunctive only,16,83,0.31701017268027776
bm23,disjunctive only,16,84,0.32047154239692516
bm23,disjunctive only,16,85,0.32130257591554556
bm23,disjunctive only,16,86,0.32209910132889624
bm23,disjunctive only,16,87,0.32214768822652945
bm23,disjunctive only,16,88,0.3221729329012066
bm23,disjunctive only,16,89,0.3247367371144308
bm23,disjunctive only,16,90,0.32554541368125617
bm23,disjunctive only,16,91,0.3260889564171128
bm23,disjunctive only,16,92,0.32633002672273165
bm23,disjunctive only,16,93,0.326754057368092
bm23,disjunctive only,16,94,0.3269129548795225
bm23,disjunctive only,16,95,0.3274316040887331
bm23,disjunctive only,16,96,0.32747839722778394
bm23,disjunctive only,16,97,0.32800250461318864
bm23,disjunctive only,16,98,0.3283081193364979
bm23,disjunctive only,16,99,0.32842403117269986
bm23,disjunctive only,16,100,0.328809029643001
bm23,default and disjunctive,16,1,0.0
bm23,default and disjunctive,16,2,0.20877311085501044
bm23,default and disjunctive,16,3,0.24132896687371616
bm23,default and disjunctive,16,4,0.2593419335755118
bm23,default and disjunctive,16,5,0.276831266082109
bm23,default and disjunctive,16,6,0.30794747915621046
bm23,default and disjunctive,16,7,0.31049556578059373
bm23,default and disjunctive,16,8,0.31333023072697624
bm23,default and disjunctive,16,9,0.31544148115836934
bm23,default and disjunctive,16,10,0.3169520133863385
bm23,default and disjunctive,16,11,0.32012220586741924
bm23,default and disjunctive,16,12,0.3217004472782408
bm23,default and disjunctive,16,13,0.32255967439252137
bm23,default and disjunctive,16,14,0.3230875103584814
bm23,default and disjunctive,16,15,0.3248256703063185
bm23,default and disjunctive,16,16,0.3267838140360075
bm23,default and disjunctive,16,17,0.3290021915313282
bm23,default and disjunctive,16,18,0.3303884605847275
bm23,default and disjunctive,16,19,0.3332313279311216
bm23,default and disjunctive,16,20,0.33454257089969514
bm23,default and disjunctive,16,21,0.34051508985108336
bm23,default and disjunctive,16,22,0.3426504829011569
bm23,default and disjunctive,16,23,0.3434490452861726
bm23,default and disjunctive,16,24,0.34436683667305984
bm23,default and disjunctive,16,25,0.34649449567952106
bm23,default and disjunctive,16,26,0.3472547115305979
bm23,default and disjunctive,16,27,0.3473800562035511
bm23,default and disjunctive,16,28,0.34750867821152764
bm23,default and disjunctive,16,29,0.34782973061046296
bm23,default and disjunctive,16,30,0.34837785942002714
bm23,default and disjunctive,16,31,0.34960012162672455
bm23,default and disjunctive,16,32,0.35987281056303105
bm23,default and disjunctive,16,33,0.366065530665169
bm23,default and disjunctive,16,34,0.3724062615263616
bm23,default and disjunctive,16,35,0.38317480252741126
bm23,default and disjunctive,16,36,0.3858598079252192
bm23,default and disjunctive,16,37,0.39451553355752506
bm23,default and disjunctive,16,38,0.39808302652237926
bm23,default and disjunctive,16,39,0.40427780232163246
bm23,default and disjunctive,16,40,0.40427780232163296
bm23,default and disjunctive,16,41,0.4042778023216383
bm23,default and disjunctive,16,42,0.40427780232163535
bm23,default and disjunctive,16,43,0.4042778023216227
bm23,default and disjunctive,16,44,0.404277802321619
bm23,default and disjunctive,16,45,0.40427780232161925
bm23,default and disjunctive,16,46,0.40427780232162824
bm23,default and disjunctive,16,47,0.4042778023216227
bm23,default and disjunctive,16,48,0.40427780232163485
bm23,default and disjunctive,16,49,0.4042778023216367
bm23,default and disjunctive,16,50,0.40427780232162214
bm23,default and disjunctive,16,51,0.4042778023215946
bm23,default and disjunctive,16,52,0.40427780232163035
bm23,default and disjunctive,16,53,0.404277802321625
bm23,default and disjunctive,16,54,0.40427780232163296
bm23,default and disjunctive,16,55,0.40427780232162214
bm23,default and disjunctive,16,56,0.4042778023216364
bm23,default and disjunctive,16,57,0.4042778023216364
bm23,default and disjunctive,16,58,0.40427780232163085
bm23,default and disjunctive,16,59,0.40427780232163246
bm23,default and disjunctive,16,60,0.4042778023216351
bm23,default and disjunctive,16,61,0.40427780232163035
bm23,default and disjunctive,16,62,0.4042778023216274
bm23,default and disjunctive,16,63,0.40427780232163907
bm23,default and disjunctive,16,64,0.40427780232163935
bm23,default and disjunctive,16,65,0.4042778023216322
bm23,default and disjunctive,16,66,0.4042778023216322
bm23,default and disjunctive,16,67,0.4042778023216277
bm23,default and disjunctive,16,68,0.4042778023216356
bm23,default and disjunctive,16,69,0.4042778023216248
bm23,default and disjunctive,16,70,0.4042778023216338
bm23,default and disjunctive,16,71,0.4042778023216298
bm23,default and disjunctive,16,72,0.4042778023216274
bm23,default and disjunctive,16,73,0.4042778023216301
bm23,default and disjunctive,16,74,0.40427780232162425
bm23,default and disjunctive,16,75,0.4042778023216277
bm23,default and disjunctive,16,76,0.40427780232163246
bm23,default and disjunctive,16,77,0.4042778023216359
bm23,default and disjunctive,16,78,0.40427780232163746
bm23,default and disjunctive,16,79,0.4042778023216229
bm23,default and disjunctive,16,80,0.4042778023216248
bm23,default and disjunctive,16,81,0.40427780232162874
bm23,default and disjunctive,16,82,0.404277802321629
bm23,default and disjunctive,16,83,0.4042778023216232
bm23,default and disjunctive,16,84,0.40427780232162425
bm23,default and disjunctive,16,85,0.40427780232163535
bm23,default and disjunctive,16,86,0.4042778023216293
bm23,default and disjunctive,16,87,0.40427780232163324
bm23,default and disjunctive,16,88,0.40427780232162847
bm23,default and disjunctive,16,89,0.4042778023216298
bm23,default and disjunctive,16,90,0.4042778023216224
bm23,default and disjunctive,16,91,0.4042778023216224
bm23,default and disjunctive,16,92,0.40427780232162425
bm23,default and disjunctive,16,93,0.40427780232163035
bm23,default and disjunctive,16,94,0.40427780232163324
bm23,default and disjunctive,16,95,0.40427780232163457
bm23,default and disjunctive,16,96,0.40427780232162613
bm23,default and disjunctive,16,97,0.4042778023216359
bm23,default and disjunctive,16,98,0.4042778023216272
bm23,default and disjunctive,16,99,0.4042778023216253
bm23,default and disjunctive,16,100,0.4042778023216171
